ContributedRepository,UserName,ContributeCount,FollowersCountswot,philipto,8507,159swot,zweizwei,1282,146kotlin,udalov,5612,392kotlin,mglukhikh,3993,217intellij-community,akozlova,21670,169intellij-community,yole,17514,2188ContributedRepository,UserName,ContributeCount,FollowersCount
swot,philipto,8507,159
swot,zweizwei,1282,146
kotlin,udalov,5612,392
kotlin,mglukhikh,3993,217
intellij-community,akozlova,21670,169
intellij-community,yole,17514,2188
ContributedRepository, UserName, ContributeCount, FollowersCount
swot, philipto, 8507, 159
swot, zweizwei, 1282, 146
kotlin, udalov, 5612, 392
kotlin, mglukhikh, 3993, 217
intellij-community, akozlova, 21670, 169
intellij-community, yole, 17514, 2188
